threshold,precision,recall,F0.5,end_to_end_recall,end_to_end_F0.5,predicted_matches,no_match_count,false_positives,false_negatives,true_positives,true_negatives
0.05,0.24797,0.999475,0.29186,0.738479,0.285958,53704,1860,40387,7,13317,343139
0.1,0.324118,0.998649,0.374741,0.737869,0.365058,41053,1934,27747,18,13306,355779
0.15,0.395085,0.997823,0.449374,0.737259,0.43551,33651,2033,20356,29,13295,363170
0.2,0.451885,0.996698,0.50735,0.736428,0.48973,29388,2133,16108,44,13280,367418
0.25,0.505023,0.996097,0.560265,0.735984,0.538842,26280,2248,13008,52,13272,370518
0.3,0.552582,0.994971,0.606517,0.735152,0.581463,23991,2370,10734,67,13257,372792
0.35,0.595746,0.994221,0.647661,0.734598,0.619152,22236,2471,8989,77,13247,374537
0.4,0.637871,0.993095,0.68702,0.733766,0.654991,20744,2578,7512,92,13232,376014
0.45,0.678084,0.992495,0.723952,0.733322,0.688456,19502,2674,6278,100,13224,377248
0.5,0.724743,0.991219,0.765925,0.73238,0.726258,18223,2798,5016,117,13207,378510
0.55,0.77294,0.990018,0.808391,0.731492,0.764279,17066,2934,3875,133,13191,379651
0.6,0.813071,0.987841,0.842897,0.729884,0.794951,16188,3044,3026,162,13162,380500
0.65,0.848326,0.985215,0.872574,0.727943,0.821166,15474,3140,2347,197,13127,381179
0.7,0.882321,0.982513,0.900691,0.725947,0.845879,14837,3236,1746,233,13091,381780
0.71,0.888489,0.981912,0.905724,0.725503,0.850285,14725,3254,1642,241,13083,381884
0.72,0.893291,0.981387,0.909622,0.725115,0.853692,14638,3268,1562,248,13076,381964
0.73,0.898598,0.981012,0.913954,0.724838,0.857486,14546,3285,1475,253,13071,382051
0.74,0.903938,0.980261,0.918237,0.724283,0.861214,14449,3294,1388,263,13061,382138
0.75,0.909674,0.979586,0.922846,0.723784,0.86523,14348,3311,1296,272,13052,382230
0.76,0.913677,0.978685,0.925979,0.723119,0.867933,14272,3321,1232,284,13040,382294
0.77,0.917558,0.97816,0.92907,0.722731,0.87062,14204,3337,1171,291,13033,382355
0.78,0.921624,0.97786,0.932348,0.722509,0.87348,14137,3349,1108,295,13029,382418
0.79,0.925183,0.976358,0.934984,0.7214,0.875708,14061,3363,1052,315,13009,382474
0.8,0.929174,0.975758,0.938131,0.720956,0.878434,13992,3375,991,323,13001,382535
0.81,0.932792,0.975008,0.94094,0.720401,0.880853,13927,3386,936,333,12991,382590
0.82,0.936494,0.973957,0.943754,0.719625,0.883258,13857,3404,880,347,12977,382646
0.83,0.940694,0.972606,0.946908,0.718627,0.88594,13776,3422,817,365,12959,382709
0.84,0.943942,0.971855,0.949396,0.718072,0.888074,13718,3437,769,375,12949,382757
0.85,0.947696,0.970955,0.952258,0.717407,0.890524,13651,3450,714,387,12937,382812
0.86,0.952107,0.969829,0.9556,0.716575,0.893378,13572,3461,650,402,12922,382876
0.87,0.955603,0.967652,0.957989,0.714967,0.895335,13492,3479,599,431,12893,382927
0.88,0.959135,0.965326,0.960367,0.713248,0.89727,13410,3498,548,462,12862,382978
0.89,0.962003,0.963374,0.962277,0.711806,0.898817,13343,3512,507,488,12836,383019
0.9,0.965247,0.960973,0.964389,0.710032,0.900511,13265,3527,461,520,12804,383065
0.91,0.968361,0.957896,0.96625,0.707758,0.901941,13180,3546,417,561,12763,383109
0.92,0.971267,0.953918,0.967747,0.704819,0.902994,13086,3575,376,614,12710,383150
0.93,0.974363,0.949865,0.969363,0.701824,0.904142,12989,3605,333,668,12656,383193
0.94,0.978444,0.943636,0.971278,0.697222,0.905405,12850,3631,277,751,12573,383249
0.95,0.982556,0.934254,0.9725,0.69029,0.905849,12669,3677,221,876,12448,383305
0.96,0.98666,0.921495,0.9729,0.680863,0.905337,12444,3739,166,1046,12278,383360
0.97,0.991083,0.909261,0.973562,0.671824,0.905064,12224,3805,109,1209,12115,383417
0.98,0.995492,0.894926,0.97361,0.661232,0.904087,11978,3872,54,1400,11924,383472
0.99,0.998533,0.868358,0.969466,0.641602,0.898557,11587,3984,17,1754,11570,383509
